gripper_type,object_type,rel_x,rel_y,rel_z,roll,pitch,yaw,success
TwoFingerGripper,Cube,1.5352568448341584,0.6296800118600905,1.0777067516552294,0.005168700589454899,0.5812195040477425,-2.742941855292594,1
TwoFingerGripper,Cube,-0.09193596894175125,0.3054890558103837,1.9356308614934337,-0.11676776927544516,1.3761652912177191,-1.2289262046573688,1
TwoFingerGripper,Cube,0.6789976449348445,-0.7024344291135498,1.7063886165975612,-0.14377697629238848,1.1552200024776245,2.317530538046542,0
TwoFingerGripper,Cube,-1.4298261064684552,0.20463452137438587,1.3446122415055508,-0.14955534052333913,0.7781986826587897,-0.04869515102755544,0
TwoFingerGripper,Cube,-0.9822118097264322,0.3133122899862364,1.6750343349159413,-0.020272455766760972,1.007237763751616,-0.31641879556755526,0
TwoFingerGripper,Cube,-0.012921624188660332,-0.5099404505191444,1.895093370892057,-0.034108445675217536,1.3495292939511228,1.4512999790814178,0
TwoFingerGripper,Cube,-0.14970928604116482,-0.17131101305428753,1.948256517151783,0.1016956848268731,1.520002067350434,0.7574489905245162,0
TwoFingerGripper,Cube,0.0082918769763478,0.047783327754683615,1.96065066355049,0.09819039193682685,1.4778740315380434,-1.7517496710548164,0
TwoFingerGripper,Cube,1.2629318062420167,-0.11564884631368935,1.5077278833322905,0.0787382901897793,0.9736754915687515,3.109208505942132,0
TwoFingerGripper,Cube,-0.06263284382608085,-0.009319255954375192,1.9602360703626789,0.1126753978528296,1.4691078777399063,0.1859432202127912,0
TwoFingerGripper,Cube,0.2136561754639371,0.5627207331098794,1.868513362701911,-0.14334869414849824,1.2301856051559554,-1.864998426539534,1
TwoFingerGripper,Cube,-0.9585164773025177,0.3203834454281908,1.6871009879225018,0.09592597434059674,1.0946858480375927,-0.37803945529211624,1
TwoFingerGripper,Cube,1.0601048838705454,-0.04524183118403747,1.6565649334432502,-0.06627851496429837,1.0492003120639035,3.1367329769394154,0
TwoFingerGripper,Cube,-0.16145376721648153,0.6284153854594728,1.8530703612956128,-0.006687985040417556,1.3021051176030016,-1.2307879672119797,0
TwoFingerGripper,Cube,0.24313625706574357,0.31131038696490937,1.9218434019181567,-0.03137633025547921,1.331905730215733,-2.2087382036952894,0
TwoFingerGripper,Cube,1.6104802908828781,0.08513354940694541,1.1440766514817884,-0.0871220587174327,0.5742316623523461,-3.106925299033129,0
TwoFingerGripper,Cube,0.1839981006907966,-0.6210991788697658,1.8534280671791312,-0.08529631045759509,1.1884292301651431,1.7701417113719777,1
TwoFingerGripper,Cube,1.2556778412944842,-0.16844125353494155,1.5087853575158447,0.03589708048458175,0.7849363804689387,2.933049927798531,0
TwoFingerGripper,Cube,0.37697215385694177,-0.5975669717051599,1.8322827404529145,0.05969162375616336,1.1212130265865237,2.0434981403544836,0
TwoFingerGripper,Cube,-0.02314351124475147,0.022542984724399945,1.9609777779449487,0.0613948085274861,1.5537329669152997,-0.6910472257862053,1
TwoFingerGripper,Cube,0.09397691361639629,1.5551697468000092,1.2152784277425626,-0.058717214926628174,0.6923684724490518,-1.5809792440577997,0
TwoFingerGripper,Cube,-1.187161551299127,-0.03832752117553342,1.5703312143936294,0.07187646160922566,0.9807784880195654,0.11089657595712621,0
TwoFingerGripper,Cube,-0.7004110789684947,0.8786113134786606,1.6157678644527613,-0.13563440629937443,0.9986148627292509,-0.8061753332291567,1
TwoFingerGripper,Cube,0.16027284200093453,0.09572826058819715,1.9525068544660102,-3.0467565200347204,1.566163983470205,0.4836534422748461,0
TwoFingerGripper,Cube,1.498371201846833,-0.5038658837215741,1.1863928664078591,0.1479131914165461,0.737501884134475,2.775650051273224,0
TwoFingerGripper,Cube,-1.2263839024395407,-0.6613229290287247,1.3960329889071443,-0.020817937216078226,0.8128986890892024,0.4391085376737491,0
TwoFingerGripper,Cube,1.044084992535735,-1.1278963647589193,1.2409794013089186,0.13036438634060973,0.714740901488827,2.3078239534864085,1
TwoFingerGripper,Cube,0.19297146689282926,1.1414928746989639,1.592114618587504,-0.0001567245535703402,0.9642768946561577,-1.6849884511200786,0
TwoFingerGripper,Cube,1.6235007286558076,0.33813877852083046,1.079231372062318,-0.05827194755604203,0.5486379182359734,-2.998779191243815,0
TwoFingerGripper,Cube,0.18822504522483172,1.2000346490271114,1.5501025661500734,0.028443760737437176,0.8869434526876763,-1.6830871877647753,0
TwoFingerGripper,Cube,-1.4758341673836695,-0.15159656091565327,1.3024814518124994,-0.13201612060600987,0.6827238168682986,0.07317290472529527,0
TwoFingerGripper,Cube,0.22717692423117547,-1.5158297808443468,1.2460153020160545,0.12734956026019112,0.7047302435166832,1.7825280406460822,1
TwoFingerGripper,Cube,-0.13674320465116477,0.9076851582416343,1.7381486533265051,0.12220136662657982,1.1171143530665237,-1.5140752349330153,0
TwoFingerGripper,Cube,0.3498205408022109,-0.46655579500545946,1.8743386555104313,0.07971746788573313,1.3242402473201562,2.2136888235846066,1
TwoFingerGripper,Cube,-0.36876744600063843,-0.26809070572595955,1.9085799838158073,-0.010038736345716132,1.244655146913246,0.5370656774101792,0
TwoFingerGripper,Cube,0.8676681725142681,1.1946991842502472,1.3102554329511538,0.0902790865336836,0.7670001893961421,-2.100842693315264,1
TwoFingerGripper,Cube,0.250236672297033,1.3951572196161395,1.3722376785287795,0.1009447508436132,0.8778318779224069,-1.694791382205982,0
TwoFingerGripper,Cube,0.005218649995541414,0.012948236267778248,1.9611900249305034,3.0027007655322615,1.5547042053231481,1.1985868729181648,0
TwoFingerGripper,Cube,-0.15340464351208433,0.6480361372817665,1.8471115201614112,0.13467440128129998,1.2289027358926612,-1.40115920021425,0
TwoFingerGripper,Cube,-0.41353863109288796,0.41718570723557813,1.8730289771546322,-0.040680517068902036,1.3088924638813253,-0.7865562494461011,1
TwoFingerGripper,Cube,-1.2459631954021164,0.3700772415976537,1.48131057360156,0.06138363040449209,0.9202953823649221,-0.34488267853992544,0
TwoFingerGripper,Cube,1.254350109670213,0.9296808982379542,1.2111585052932452,0.1261874640615498,0.7297668616972587,-2.4642043999532746,0
TwoFingerGripper,Cube,-0.09353833229993269,0.1021401953118853,1.9564374736639938,0.09356543257349584,1.4724792848966193,-0.8587439943791425,1
TwoFingerGripper,Cube,1.289907258941941,-0.17657337935536316,1.4794485291286956,0.11514012125806965,0.9071854375593751,2.9620756048358654,0
TwoFingerGripper,Cube,-0.5087718650247415,-1.1702899166311678,1.5012299107459062,0.09855937201851513,0.9282656684879766,1.2260264366256808,0
TwoFingerGripper,Cube,-0.12822278178634539,-0.05244637424991555,1.9564350483910486,0.0051291942625045234,1.5654098012843216,0.3269075791693794,0
TwoFingerGripper,Cube,-0.9025552143347632,0.5382047441698644,1.6629231026121758,-0.12417501529316091,0.994049816096136,-0.5710577099653064,1
TwoFingerGripper,Cube,1.5620311115154075,0.09580918500237243,1.2065817843709767,-0.06669026241022658,0.671640009664091,3.1328385449780694,0
TwoFingerGripper,Cube,-1.3873268719629828,-0.15402107704394333,1.393580076785808,-0.05427284622429953,0.8350272842292755,0.09788428795243856,0
TwoFingerGripper,Cube,-0.025037663649002083,-0.0413386435481704,1.9606547185781023,-3.125051502967644,1.5222405690230734,-2.085584088530187,1
TwoFingerGripper,Cube,0.7240175711106921,-0.6687329569279944,1.7015245325841437,0.1261967092017177,1.0966246919944322,2.304512861677901,1
TwoFingerGripper,Cube,-0.08917689354793125,0.10025452155870293,1.9567328025476152,3.1078409483282856,1.5498889460294596,2.3492751561307874,0
TwoFingerGripper,Cube,1.4259742531438633,0.044590206513968014,1.3628839870639191,-0.14088092104953548,0.757295223168921,-3.0248139713576934,0
TwoFingerGripper,Cube,-0.4941363468905298,0.063728804017489,1.8981868319104787,0.017787780930270527,1.2203246331280602,-0.1618740168948192,0
TwoFingerGripper,Cube,-0.3159766083283657,0.7915414964494782,1.7705537400897169,-0.12858054352724177,1.084422321168835,-1.2720144916509462,0
TwoFingerGripper,Cube,0.5659736800241757,-1.2025285361406415,1.455761714091087,-0.13784266767285358,0.8814721168161456,1.9895871725503975,1
TwoFingerGripper,Cube,-0.25905323215694237,-0.44190389026159405,1.8945292940755014,-0.02222660928483817,1.38332853778274,0.9836086554182606,0
TwoFingerGripper,Cube,1.294017667867575,1.0706330406475673,1.047177675206274,0.01724736741233525,0.5567253533208792,-2.453570045452373,0
TwoFingerGripper,Cube,-0.9025822443186287,-0.6383987413026464,1.6279097879588849,-0.11297938545226674,0.9680309697692943,0.5800312158679573,0
TwoFingerGripper,Cube,1.419901588161605,0.53691260892839,1.263392530588494,0.05726832321308402,0.6670766511921784,-2.7720034987803124,0
TwoFingerGripper,Cube,0.9272354301631633,0.8129702189540376,1.535822476663032,0.005794681506580054,0.9266937935623674,-2.4363106798306626,0
TwoFingerGripper,Cube,0.4088319367624234,0.6746116790625869,1.7991058683725563,0.13121949279160214,1.110629208761623,-2.10490603817219,0
TwoFingerGripper,Cube,-0.6484900354740399,1.5665939863257154,1.0220139214297255,0.020702384625773233,0.6014135091209855,-1.1469769582751144,0
TwoFingerGripper,Cube,0.7954644745696763,-0.6649203157201574,1.671536124773512,-0.05699792587665667,1.0626702577442975,2.3754195959880278,1
TwoFingerGripper,Cube,-1.1346385018918348,-0.052031204021545915,1.6074125266902053,0.12043206128119698,1.0144327298734424,-0.0014254815142031355,0
TwoFingerGripper,Cube,1.420211965984442,-0.02289045247241695,1.369242360514762,-0.010354516257107031,0.7186253165267964,-3.076398158644493,0
TwoFingerGripper,Cube,1.5597731812490554,-0.7263264077086075,0.9808256738136883,0.05631702612790548,0.5335872862586029,2.767811256984142,0
TwoFingerGripper,Cube,-0.37757873828014027,1.081600755543516,1.6006209991009757,0.11892648789416031,1.0082153117434671,-1.1591301030531962,0
TwoFingerGripper,Cube,0.37714972704249067,-1.125079767399703,1.5711933039236823,0.04207183216883807,0.8688569005062535,1.9532632103730223,0
TwoFingerGripper,Cube,-0.04110430163055507,-0.16784674145829503,1.953759242911024,-0.06779895188725973,1.4913489088057974,1.4234574017136057,0
TwoFingerGripper,Cube,-1.528776006969522,-0.06030233833483595,1.2493410961605274,0.019628049198804367,0.6417290835901118,0.07947271035805589,0
TwoFingerGripper,Cube,-0.304361720239598,0.08787770880201244,1.9359897278457683,-0.08067930347590084,1.3481936474392973,-0.2739601173872333,0
TwoFingerGripper,Cube,-0.09086844907336596,-0.029373984217489997,1.9589574689968936,0.06197864015132713,1.551879557988297,0.36057157313560323,0
TwoFingerGripper,Cube,0.34103283593595446,-1.0785544999023042,1.610607374322431,0.09585089380173907,0.9077725013189847,1.9372128649272988,0
TwoFingerGripper,Cube,-0.7510829021200096,0.09645995235515244,1.8123384134574103,-0.06698918652206111,1.1910168198591018,-0.10186372792212303,0
TwoFingerGripper,Cube,-0.49172236894771415,-0.18977072718658014,1.8905381362595577,-0.005108966808274285,1.2696136843779569,0.2916219389910241,0
TwoFingerGripper,Cube,-0.15270779111183586,0.3866478902690962,1.917557672185291,0.08669872676553948,1.3828467124623662,-1.181617795131976,0
TwoFingerGripper,Cube,0.6149055136542455,1.5630979507530014,1.046879626599943,-0.032991167245499914,0.5472683932414216,-1.9110050028328556,0
TwoFingerGripper,Cube,1.018100885579925,0.5749863017689001,1.5838482416808075,-0.050487929224149006,0.8806782893694279,-2.530026319887645,1
TwoFingerGripper,Cube,-0.5693906397934573,-0.2708200208947716,1.859251070325907,-0.12373548015786215,1.2957186622887262,0.3708896219660627,1
TwoFingerGripper,Cube,-0.08764327347747719,-1.4508681977238438,1.3350291803172016,-0.13678246629697746,0.705098995779164,1.5115926029089937,0
TwoFingerGripper,Cube,-0.04157550140726706,0.15653248327592945,1.9546702240733536,0.11667936191838962,1.5121083776998174,-1.289155536837595,0
TwoFingerGripper,Cube,-0.5849652311545896,-1.0194278302466446,1.5794422437017808,-0.09347954967197297,0.8457562604159827,1.0184338301210445,0
TwoFingerGripper,Cube,-0.5625551685938346,0.14174115398774326,1.8752505466503526,-0.14570288779261847,1.3078406201464154,-0.2032596159193896,0
TwoFingerGripper,Cube,-0.18664729132042007,-1.3004692462539926,1.469198503301875,0.0689818691566405,0.8693723534092456,1.499048538560007,0
TwoFingerGripper,Cube,0.011279385221334278,-0.33319186873285356,1.9332569938985968,-0.06307515866589461,1.4547690695918336,1.619789030021767,1
TwoFingerGripper,Cube,-1.138252569529628,-0.43617737795085176,1.5468397027183312,0.13814603162189693,0.8824250901684435,0.3406647744861718,0
TwoFingerGripper,Cube,-1.0139062418280569,1.1831498719059945,1.2150928877886567,0.126916246501933,0.6275414548713178,-0.9515776700386563,0
TwoFingerGripper,Cube,-0.047426476332761223,-1.1625061605156946,1.5879932701891857,0.06515264320127209,0.9953971509995513,1.6258286118165874,0
TwoFingerGripper,Cube,0.6245880104313868,-0.393221170199724,1.820073553455122,0.09226829673585388,1.1513629842450575,2.507477486611552,1
TwoFingerGripper,Cube,-1.3924327635759521,-0.7794539292625726,1.1668848851360394,0.11819639613534388,0.7366241808448459,0.4895545437123733,0
TwoFingerGripper,Cube,0.4576465033387988,-0.9960044474091857,1.6341209420589768,0.015233113855269211,0.9229863912212033,2.029255506031406,0
TwoFingerGripper,Cube,0.612532301584134,-0.8245048980034131,1.6773377879501044,-0.03993018392321534,1.0081237175679505,2.282075164007085,1
TwoFingerGripper,Cube,0.7946244917204792,1.1210641082835084,1.414437664543058,0.12100910097809857,0.8234593211702198,-2.2545930097268685,0
TwoFingerGripper,Cube,-0.10057430121379154,-1.1468681713203586,1.5966525030412544,-0.05567194300733848,1.0031205863626207,1.4375965110655191,0
TwoFingerGripper,Cube,1.5188804908744822,0.08739808005917418,1.259454353255248,-0.11956603538222428,0.7285696612584281,-3.0590230787067303,0
TwoFingerGripper,Cube,0.4621560518659026,0.04748772126479681,1.9065296615640064,-0.03688945480766329,1.295690156602433,-2.9654148238982545,0
TwoFingerGripper,Cube,1.3860668374901772,0.3262089101039005,1.3656626261447276,0.06701096542941502,0.7613165311635092,-2.9550034149748288,0
TwoFingerGripper,Cube,0.0002238011488180778,0.009191672054593555,1.961217614814329,3.053459832172476,1.5239874998049503,1.5562763285206689,0
TwoFingerGripper,Cube,-1.5841033513867857,0.3884090934580121,1.1187165332629652,0.015477845223401752,0.6084075527879539,-0.23778973012073998,0
TwoFingerGripper,Cube,0.7280224686592706,-0.4723094927786302,1.7631563507303059,0.10525696927101492,1.2186704088958569,2.6343793803469193,0
TwoFingerGripper,Cube,-0.7141752896270703,1.194745008008978,1.3973925947738544,-0.04818216482915815,0.724236091082837,-1.0867731927514852,0
TwoFingerGripper,Cube,0.038423931826601476,-0.3343322010381679,1.932721831900722,-0.115015647049938,1.4673457761101605,1.586278765570506,1
TwoFingerGripper,Cube,-0.06136876330074975,1.4663259348102888,1.319959516142382,0.12516186405558166,0.740842605281542,-1.5072576285765136,0
TwoFingerGripper,Cube,0.2531820916671881,-0.11198869883935401,1.9419854213975096,-0.07452248618148492,1.4296411748205042,2.8169778481251777,0
TwoFingerGripper,Cube,0.7991538497896754,-1.19917407791787,1.3480821156397638,-0.083994989291507,0.8458765745223458,2.0968152253843826,0
TwoFingerGripper,Cube,-0.015548675132549717,-0.37740349626569547,1.9252460858077953,-0.0002582158164875726,1.3696469948947083,1.5103559488166682,0
TwoFingerGripper,Cube,0.020397048206754757,1.2198119599697184,1.5460550461124904,0.12552932046851265,0.8347068216837998,-1.607899674303222,0
TwoFingerGripper,Cube,-0.27242594440194234,0.007814126878250545,1.9425824980129491,-0.04181683734191842,1.5314867599308495,-0.006240930393346582,0
TwoFingerGripper,Cube,0.5622239897104209,0.5216539172835195,1.808339536326912,-0.12853976087739782,1.1883033713669828,-2.469110982348132,1
TwoFingerGripper,Cube,-0.48095039920294214,1.0474843364544473,1.5956999049870177,-0.09908069981303058,0.9093229758097255,-1.1325549694693762,0
TwoFingerGripper,Cube,0.5032048362624375,-1.6382817400303726,0.9921693559974741,0.07153177523694473,0.4506222035754809,1.9244638316563683,0
TwoFingerGripper,Cube,0.002438438103920546,-0.006248258586722857,1.9612275009658686,3.027053416509086,1.5531589477158048,-1.2253176176721599,1
TwoFingerGripper,Cube,-0.7255855437718282,0.5007504199671581,1.7564475589119615,0.13563409863125708,1.1588653975526195,-0.5195749286176455,1
TwoFingerGripper,Cube,-0.8549704053329485,-0.431634642453085,1.7170055402102433,0.05187951641367619,1.1191809653185516,0.36991139842015913,0
TwoFingerGripper,Cube,-0.10293388064286238,-0.03669084777387313,1.9582511182562454,0.06643661942051249,1.5016385311413125,0.4367621576922368,1
TwoFingerGripper,Cube,-0.5317348581574771,-0.8284405895937184,1.7021994699314489,-0.11596936655625038,1.0330380752298327,0.9876096960062946,0
TwoFingerGripper,Cube,0.5883611977608136,-0.36597503655519564,1.8373766423230238,0.09000374289580859,1.1770067962022048,2.635962863328996,0
TwoFingerGripper,Cube,0.26432096308585856,-0.10793430602099925,1.9407550098161923,0.08136811682309306,1.4835874470601527,2.85321362600577,0
TwoFingerGripper,Cube,-0.1901078999914278,0.03607826405138114,1.9518560846785553,0.13461420162493187,1.4025563154900889,-0.11077343599523884,0
TwoFingerGripper,Cube,0.2230000901830242,-1.0294762857193507,1.661370971883458,0.021297471770612923,1.0057578691108127,1.8227179259733157,0
TwoFingerGripper,Cube,-0.04722739647204873,-0.6829060801069888,1.8404430423500706,-0.09222855756124367,1.194723257400438,1.4219141150029007,1
TwoFingerGripper,Cube,-0.5370452618367471,0.09369179972258207,1.8855059217697832,-0.002949916802069097,1.205986362473432,-0.2575943781516419,0
TwoFingerGripper,Cube,0.1032502342149073,-0.2360505217136995,1.9445741930706084,-0.14369515207252526,1.4054138968982393,1.8871444026425384,0
TwoFingerGripper,Cube,1.5844507277365347,-0.1890198149558164,1.1669697125575504,-0.12229437909808506,0.5769510200651045,2.949221455866466,0
TwoFingerGripper,Cube,-0.4373732029169119,0.7312486075524199,1.770653066933948,0.02778261700827628,1.1744912750237901,-0.9927499252567527,0
TwoFingerGripper,Cube,-0.10985939145319822,-0.42594256726394797,1.912265105021287,-0.1282128847275885,1.3228754879331845,1.3456547868802922,0
TwoFingerGripper,Cube,-0.40736698320520376,-0.6112320304478712,1.8214665500710712,-0.0038186484472339886,1.124475183722054,0.9037719237745077,0
TwoFingerGripper,Cube,0.9218093173146541,-0.7851299341667595,1.5530422532520294,-0.03482433639681828,0.9403829104954003,2.3678230191054017,1
TwoFingerGripper,Cube,-0.8809199235773622,-0.9830555664162195,1.4637639518326324,-0.1330897189250353,0.9228469943161646,0.8653934753201177,0
TwoFingerGripper,Cube,-0.507940425486744,1.0584487989229585,1.5803998878956957,-0.11549082274426514,0.9279118357099432,-1.027439269322982,1
TwoFingerGripper,Cube,-0.2393079440913952,-1.0304428843423665,1.65856584763994,0.04553883046187446,1.0786389216003904,1.4387588069838002,1
TwoFingerGripper,Cube,0.029708013730543707,-0.12582736228648428,1.957055601096432,3.051446379445509,1.5370004039963112,-1.4192140155637005,0
TwoFingerGripper,Cube,0.7910341498193286,-0.8183914089808624,1.6057752691562963,0.023504484207437636,0.9147975375107524,2.309819385435488,1
TwoFingerGripper,Cube,-0.8465357421316954,-0.8074173479211022,1.5834146033696368,-0.11410297651530048,0.9269999903166154,0.7434728364936986,1
TwoFingerGripper,Cube,1.035407675814722,-1.0800495898198,1.288425200373726,-0.008422189097878644,0.8166284155647753,2.412726700275336,0
TwoFingerGripper,Cube,1.2906961832648405,-0.36439192514191304,1.4449240125757201,0.12925448154389085,0.8405249282184202,2.9638484052537692,0
TwoFingerGripper,Cube,0.7666493279296933,1.144790526267445,1.4109640271516068,0.13598966627217215,0.8610178900699806,-2.201389453642083,1
TwoFingerGripper,Cube,0.2599419791508838,0.5174065774449778,1.8755847504268397,-0.03052943061422152,1.2421380019690655,-2.0073951766522247,0
TwoFingerGripper,Cube,0.12064418566551427,0.9527212270411375,1.7155953557268053,0.09104152717841327,1.0974762074906466,-1.7876910650822633,0
TwoFingerGripper,Cube,0.9125384164381881,-0.19547171316531747,1.7301549657702013,-0.13173213588790744,1.1592187405918193,3.0250849873652172,0
TwoFingerGripper,Cube,-0.14235800795457212,-1.466013583031897,1.3142126802004142,0.057770029249224586,0.6475187107202636,1.5250364652912705,0
TwoFingerGripper,Cube,-1.1217331696177755,-0.7828370464928379,1.4203072361884135,0.030394464398541206,0.7941331716850385,0.5515780124449404,1
TwoFingerGripper,Cube,0.07710062359594211,-0.1450842032466306,1.9544788297831384,-3.0435842826596193,1.5607131045899048,-1.1439743025963602,1
TwoFingerGripper,Cube,-0.952256462342281,-0.1851875522946746,1.7102136862689028,0.1485178805059782,0.9936616041947715,0.27188090802720283,0
TwoFingerGripper,Cube,0.45746145047317005,-0.5156435521180291,1.8386946700134623,0.09578538605342407,1.2546143412597122,2.317749714248347,0
TwoFingerGripper,Cube,0.06266014919603957,0.08241923851338721,1.9585571397633896,0.06124741611257147,1.5003888162106696,-2.3146491681344905,1
TwoFingerGripper,Cube,0.93469369192788,0.05274034318162288,1.7286000919767777,-0.11238410682408376,1.1705791106086547,3.1414324745329156,0
TwoFingerGripper,Cube,0.08169955786213948,-0.046564729390438465,1.9590267461177453,-3.1195248793735746,1.5594405248506158,-0.6140278466728242,0
TwoFingerGripper,Cube,0.96388368027191,0.7471250581326713,1.5463988155375257,-0.13973673701335176,0.871813961937294,-2.5125649494499407,1
TwoFingerGripper,Cube,-0.8127148011931712,-0.8841738726134999,1.5605296329018836,-0.07609490795972564,0.8270272594458992,0.8675720625931082,1
TwoFingerGripper,Cube,-1.4371083552653745,0.8285426583808791,1.078483703330534,0.07358464901993103,0.5565561534809098,-0.5753998095164217,1
TwoFingerGripper,Cube,0.7798295149994476,-0.019941771454165456,1.8028326818361569,-0.09965072864296404,1.200609629637777,3.0754428192476104,1
TwoFingerGripper,Cube,-0.03582883631891643,0.0021669733924840973,1.9609166193278884,0.0022787172696283452,1.5081092033347139,-0.11392050462614375,0
TwoFingerGripper,Cube,0.03537537907502139,-0.08578402969983877,1.9590849997539763,-0.12247983362076469,1.4353523004719357,1.9502788555659418,1
TwoFingerGripper,Cube,0.6002843906738385,-1.3930513957641533,1.2647211642165366,0.14424939130283201,0.7093496866316926,1.9924408785579897,0
TwoFingerGripper,Cube,-0.8230358829176613,-0.1273606129527178,1.7795872538567792,-0.04722787941829253,1.0847945172501763,0.21569886518162537,0
TwoFingerGripper,Cube,-1.5883794377502563,-0.5580736625785001,1.0408704278075773,-0.0567897162175155,0.6582898886758312,0.2734189241626913,1
TwoFingerGripper,Cube,-0.1802817982699755,0.596555025354968,1.8616651577051708,-0.06293361903263715,1.3186106122573935,-1.3278396879609953,1
TwoFingerGripper,Cube,-1.162440067004649,-0.8830640015936609,1.32832738001472,-0.11354213916635925,0.8193025390669012,0.710050171979966,1
TwoFingerGripper,Cube,-0.09291120186483509,-0.29216645906779565,1.9376006194794655,0.11061844575689592,1.3643726505005278,1.1897803554306632,0
TwoFingerGripper,Cube,1.5938270437489415,-0.5242681190500104,1.049750684522841,-0.12154680981761047,0.6047390290489429,2.8434496429961915,0
TwoFingerGripper,Cube,-0.6817776519062402,-0.3224967939293412,1.8135818722813684,-0.039722143279236274,1.1264946944438,0.42621187017600687,0
TwoFingerGripper,Cube,-0.9216112499224735,0.5008429321968435,1.664115415722131,-0.012114734190883325,0.9755511359646568,-0.5351793009099267,0
TwoFingerGripper,Cube,-0.6280838608562181,0.5955657285448788,1.764239625566795,-0.09382333712835596,1.0402365835124732,-0.6806944435280461,0
TwoFingerGripper,Cube,0.08685201260362636,-0.03571642158634309,1.9590327980330018,0.12750924800977834,1.4947690704264047,2.7457513965753515,0
TwoFingerGripper,Cube,-0.20739182392922811,-1.1458408333456929,1.587288339665325,0.14377933650672156,0.8726280512686357,1.3013963879217727,0
TwoFingerGripper,Cube,-1.005494817351413,0.7420734364006708,1.5227467553822056,-0.023802471005381298,0.8885898882490432,-0.5425627502553372,1
TwoFingerGripper,Cube,0.25873752892606117,0.21205670421365044,1.9330619836417016,-0.0934335021399622,1.4439493400254604,-2.4031778892811753,0
TwoFingerGripper,Cube,0.30383278739468933,-0.3332441440304346,1.909734053361799,-0.09231279074104408,1.3799471350641024,2.271565919364445,0
TwoFingerGripper,Cube,-0.8808376253989773,0.5790868580211932,1.6608809097108204,-0.09700875559660127,0.9819264035000517,-0.5494418250496204,0
TwoFingerGripper,Cube,0.8923478923688382,-1.407141861419514,1.0674334680074058,0.07193355512947458,0.6541296463063538,2.064449290693105,0
TwoFingerGripper,Cube,-0.5572103806398264,-0.8220574679894435,1.6972508809579294,0.10457651216533458,1.1392392284584194,1.0072619947066948,0
TwoFingerGripper,Cube,0.9096727389338322,1.1850929796614464,1.2909192495606807,0.009684554067280748,0.6578207842268,-2.2233831229822374,0
TwoFingerGripper,Cube,0.07671159387964423,0.10898685517993208,1.9567931016184918,-3.047803573040486,1.5530155568200377,1.0108614577154407,0
TwoFingerGripper,Cube,-0.17781038901300436,0.43783922815276266,1.9046070340004508,-0.07715807019713737,1.4246632246461175,-1.1725688517527633,0
TwoFingerGripper,Cube,0.7555137227962466,0.7958978775853933,1.633287048544428,0.06607801240752167,1.0691212581379188,-2.379429298830947,0
TwoFingerGripper,Cube,0.2748403727369914,-0.008620588289843608,1.942245674376604,0.056121284472942574,1.520010010849332,3.13149496784638,0
TwoFingerGripper,Cube,-0.007557009492148089,0.008433864911367566,1.9612066881990355,0.03697645129191486,1.4891865598172378,-0.8185033104181999,0
TwoFingerGripper,Cube,0.7421479366801125,-1.3856619836830748,1.1978297011130814,0.029175917841094152,0.7042842480900618,2.0342786791938003,0
TwoFingerGripper,Cube,-0.1537664723729909,-0.12696189075317058,1.951273056199417,-0.09909101543388979,1.4343752251746495,0.7406573655272717,1
TwoFingerGripper,Cube,1.251513445091162,-0.6777357802055993,1.3663679365484904,0.011731455432778187,0.8167311303197672,2.5689041887437836,1
TwoFingerGripper,Cube,-1.2099571574077634,-0.10604389931596332,1.5501875804141545,0.0012376368160550693,0.9692091630024132,0.09424961301148624,0
TwoFingerGripper,Cube,-0.2629508513255717,-0.04810111279277289,1.9432940180849019,-0.08275549846236656,1.3463706833616322,0.13955803681142662,0
TwoFingerGripper,Cube,1.098369706338416,-1.080406270484918,1.2365058122446122,0.14706529721782274,0.6206760530177066,2.3479597417162834,0
TwoFingerGripper,Cube,-0.7639336177015617,-0.15104169405462706,1.8034091791945375,0.07951807816174657,1.2661078590562407,0.2773462167761831,0
TwoFingerGripper,Cube,-0.28717843666666026,1.4700365869468415,1.2865768030804656,0.05677332035816951,0.741023516246206,-1.3723134625303102,0
TwoFingerGripper,Cube,-0.0419198127818202,-0.28134273388292247,1.9409076478259546,-0.026364684534422835,1.3745111856910777,1.3376168893491838,0
TwoFingerGripper,Cube,0.4960834066607377,1.4049683127129042,1.2953921567700866,0.08866621463004161,0.8097385188360535,-1.8791945151131932,1
TwoFingerGripper,Cube,-0.3501242371155355,0.015644871350952078,1.9302913840673182,0.05303938146508306,1.4175614207683824,0.03743044881865072,0
TwoFingerGripper,Cube,-0.07894041571046312,1.0947341611106516,1.6331614469157953,-0.12603382390967063,0.9803757956498608,-1.5203738281686194,1
TwoFingerGripper,Cube,0.015426314266224414,0.12919612333906988,1.9570018622502627,0.08784179274101937,1.4538568995013703,-1.612085009581033,0
TwoFingerGripper,Cube,-0.4974609796447544,-0.9226511505750953,1.6645436133647344,0.10460231613505191,1.0286336625133468,1.11031563611641,0
TwoFingerGripper,Cube,0.46158485918601583,0.995189789776867,1.6335236180870163,0.09984466677310573,1.0378940897199658,-1.9985815539207692,1
TwoFingerGripper,Cube,0.115528473399321,0.4345874217612631,1.9100298919158176,-0.055734985043417506,1.246407566107842,-1.8355686728221456,0
TwoFingerGripper,Cube,-1.283984296187321,0.4344337152860616,1.431834452265024,-0.07897243154492256,0.8610903546457784,-0.27080828362693515,0
TwoFingerGripper,Cube,-0.21726624698613467,-1.3850555966382891,1.3875683999965793,0.014325162503869634,0.7174335183550609,1.3647355922045699,0
TwoFingerGripper,Cube,-0.7148458277242605,0.40789239761162216,1.7840440799581707,0.10000752937619223,1.0994915479133336,-0.44782635135862403,0
TwoFingerGripper,Cube,0.4367156460914121,0.886696359170549,1.6999304868363385,-0.10237028571711482,1.1298396847352037,-2.09239061840915,0
TwoFingerGripper,Cube,1.357461521650712,0.049400494779956915,1.4291821003009193,0.020670874392122635,0.7486529528615121,3.118074912590382,0
TwoFingerGripper,Cube,-0.18394399119628493,0.19208522397581324,1.9434768528835775,-0.08159775415403009,1.5271536674191746,-0.7537461613543152,0
TwoFingerGripper,Cube,-0.309881226020185,-1.467067829501412,1.2847513789955665,-0.00571982482126671,0.8006782762563803,1.4004457093446752,1
TwoFingerGripper,Cube,-1.3098641812114653,-0.2653676126843978,1.4491352526190582,-0.08524413195980893,0.7532894524491032,0.24087640155150777,0
TwoFingerGripper,Cube,-0.2550695721735207,0.36591939384497363,1.9108649862580138,0.13956160040282964,1.2692804865943679,-1.060118182901945,1
TwoFingerGripper,Cube,1.020497430176982,0.1302690843897916,1.6763524168440018,0.09798901116500307,0.9906537346904929,-3.0611807639206634,0
TwoFingerGripper,Cube,-0.840676476547481,-0.46864080672533726,1.7144184172000638,0.06428247963466821,0.9822638261056519,0.4507064067728582,0
TwoFingerGripper,Cube,-0.6707008513182912,-1.1162851444054334,1.4791544001881507,0.13145875382448685,0.9304314067717008,1.0963650367378386,1
TwoFingerGripper,Cube,1.4792875761548046,0.1638438799039687,1.297226506401553,-0.006606964324057669,0.6548045693261579,-3.1170188915819748,0
TwoFingerGripper,Cube,-0.1392743732523116,-0.0413827988841427,1.9559542860053403,-0.1250198053579514,1.415027894697518,0.27768440117599197,0
TwoFingerGripper,Cube,-1.2712264501885677,-0.053276129311332104,1.5043346092279712,-0.05498251580152842,0.8710793285149216,-0.03475430071584257,0
TwoFingerGripper,Cube,-0.20852407746759072,0.04267409468698774,1.949880653935987,0.1376226425042761,1.4734343930300262,-0.16279749023394163,0
TwoFingerGripper,Cube,0.10719896398315294,0.7829898335581329,1.7984745347858921,0.1438183523194947,1.259963399182709,-1.625513699054157,0
TwoFingerGripper,Cube,-0.14281754099902397,1.62190501961873,1.1227151043507535,-0.03140074266258171,0.5214069060491899,-1.4490894886366772,0
TwoFingerGripper,Cube,0.6347909737589545,-0.6611488466349441,1.7388558696290393,-0.11292191553920543,1.18967469749961,2.3331157596500747,0
TwoFingerGripper,Cube,0.23691212741138612,-0.12925885935505033,1.942946291630259,-0.1361971670300898,1.4050015143592285,2.689257472893062,0
TwoFingerGripper,Cube,-0.13963890939823587,1.0147869527154698,1.6790013732148155,0.004248440487474205,0.9658343778333935,-1.413195741801261,0
TwoFingerGripper,Cube,0.31722807866710945,0.836718650591655,1.7498885713546384,0.05500225843666592,1.0621860450961391,-1.9802771838224604,0
TwoFingerGripper,Cube,0.9293815317076018,-0.08550437680143673,1.7301194714372448,0.08320001705597571,1.0080349622527487,3.0935948095725543,0
TwoFingerGripper,Cube,1.307268251496204,0.01709547535894568,1.4747635693256664,-0.05834238070442326,0.9042516413931929,3.1044188818402674,0
TwoFingerGripper,Cube,0.022064400338063714,-1.280447108370811,1.497457556674162,0.01622582703954843,0.8143655422056857,1.5108297535776745,0
TwoFingerGripper,Cube,0.11183173399411667,1.3779039099826145,1.4065326564315548,-0.09039609871458074,0.7255985688646278,-1.6514618502173148,0
TwoFingerGripper,Cube,0.5734500128439662,0.747651404368603,1.7253737815645946,-0.07478404729361324,1.0409448487647757,-2.277516814511156,1
TwoFingerGripper,Cube,-0.35392082179584483,-0.04668504110559443,1.9291209951312374,-0.09125633522353029,1.4715331136067826,0.060433505388927757,1
TwoFingerGripper,Cube,0.8170215872227187,1.4836507766953226,1.024843956428821,0.05220696960723299,0.5851665776165904,-2.129438347045219,1
TwoFingerGripper,Cube,-0.6410249891353509,0.5782690677376864,1.7653151744744682,0.08148145440395474,1.1296544958054122,-0.785958025364272,1
TwoFingerGripper,Cube,-0.24176333348555962,0.09984762435747076,1.944060201839125,-0.12649248522045614,1.4287937473822911,-0.4294453486909907,0
TwoFingerGripper,Cube,-0.24727388579843512,-0.5533694218672957,1.8671867622735099,-0.047426595355199386,1.3045989387819348,1.05350512725492,1
TwoFingerGripper,Cube,-0.5671775176497553,0.09339473890970507,1.8768553709687177,0.0032541496191613077,1.3572557952588855,-0.20149057766611603,0
TwoFingerGripper,Cube,-0.3195213857078747,0.42668857498409113,1.8888909320197966,0.02357450939589599,1.2902519284751872,-0.9136750001144528,0
TwoFingerGripper,Cube,0.6256937293814376,0.27754788981796735,1.8404605137565389,-0.03657017921603535,1.1869703468355826,-2.82130697187962,0
TwoFingerGripper,Cube,-0.0344894611939798,-1.086289590268716,1.640162609516581,0.019662335287219796,0.984919771790889,1.4960752961884292,0
TwoFingerGripper,Cube,0.4617652585090019,0.08744190739251538,1.9052363552989737,0.044827864848448654,1.3851874366904136,-3.0343736208403445,0
TwoFingerGripper,Cube,0.8869424227250932,-1.0990460467278624,1.3773710927230196,-0.026915114712086137,0.7871368949925094,2.2319938871186764,0
TwoFingerGripper,Cube,-0.8494740882984009,1.4410397055560888,1.0575043906743868,0.14597616166771238,0.5518871976816695,-0.9676579529160056,0
TwoFingerGripper,Cube,0.03626038987722767,-0.13375942938674842,1.9564313681162466,0.13910142036613093,1.5255009335125962,1.8815311681371378,1
TwoFingerGripper,Cube,0.9946522159221595,0.3060864309361988,1.6691550887282747,-0.09313612551383278,1.0520288561973692,-2.7653038501800062,0
TwoFingerGripper,Cube,-0.39165602245102016,0.11211897017348062,1.9193079157822188,-0.12485840670989568,1.414917494575221,-0.3510329963570139,0
TwoFingerGripper,Cube,-0.29477730634104266,-0.9595134259428503,1.6911058868072912,0.04512408846439998,0.9784942032918927,1.2682261940259318,0
TwoFingerGripper,Cube,0.021622562613436667,0.00015592375595215003,1.9611218499342007,-3.0565353861410376,1.5361802852131536,-0.04938403266954553,0
TwoFingerGripper,Cube,1.1769407031847032,0.08338262399418822,1.576125114350288,-0.07559170097226751,0.962003904518516,-3.0547634621747317,0
TwoFingerGripper,Cube,0.053186717526661945,-0.12525558298250083,1.9566039234499946,-0.12176101402738869,1.442144938651486,1.960686020881576,1
TwoFingerGripper,Cube,0.0231846776485961,0.01084692703971814,1.9610749421910414,-0.06663162490526234,1.541255958394716,-2.7374531156570026,1
TwoFingerGripper,Cube,0.5393842367137359,-0.9361100531176437,1.6443199942339588,-0.03379745494885699,1.000209189056757,2.011338170739596,1
TwoFingerGripper,Cube,0.20347710853633044,1.2996852359957407,1.4676966061950887,0.0269237662738217,0.7568399982849102,-1.7675760739500002,0
TwoFingerGripper,Cube,-0.27880630792100913,0.38436377126716736,1.9040540914302992,0.14455853855133946,1.3635791307135892,-1.0288688234633565,1
TwoFingerGripper,Cube,0.7497004047097053,-0.9141039835189595,1.5744229331647566,-0.04290894674095487,0.9262873577362554,2.292798418805308,1
TwoFingerGripper,Cube,-0.04844011403817895,0.15024209557436083,1.954999231150647,0.030019447526895948,1.4120981217321624,-1.271805982094039,0
TwoFingerGripper,Cube,0.053926169188996474,1.5418956021773507,1.2338934929799172,0.025911103621043007,0.6294009188586841,-1.512178088758347,0
TwoFingerGripper,Cube,-0.8996529816259836,0.5095660287997174,1.6732454377636372,0.11164125759586915,0.9854507768999718,-0.5176269331203176,0
TwoFingerGripper,Cube,1.600028081127463,0.4153772232095126,1.087014852621368,-0.07344003737387725,0.6483389071006284,-2.971479672412543,0
